Aji Fantasy,Hot
Aji Lemon,Hot
Aurora,Hot
Beaver Dam,Hot
Big Black Mama,Hot
big boss man,Hot
Big Jim,Hot
Bishop's Crown,Hot
Black Pearl,Hot
Black Prince,Hot
Blazing Banana,Hot
Brazilian Starfish,Hot
California Wonder,Hot
Cherry Bomb,Hot
Count Dracula,Hot
Cowhorn,Hot
cristal,Hot
Death Spiral,Hot
Devil's Tongue,Hot
Diablo F1,Hot
Dundicut,Hot
Facing Heaven,Hot
Fire and Ice,Hot
Holy Mole,Hot
Infinity,Hot
Italian Long Hot,Hot
Italian Sweet,Hot
Kashmiri,Hot
Komodo Dragon,Hot
Lemon Spice,Hot
Little Elf,Hot
Madame Jeanette,Hot
Mariachi,Hot
mexican sunset,Hot
Mirasol,Hot
Naga Viper,Hot
Peruvian White,Hot
Piquillo,Hot
pot-a-peno,Hot
Prarie Fire,Hot
Pretty in Purple,Hot
Purple Beauty,Hot
Purple Tiger,Hot
Purple UFO,Hot
Rooster Spur,Hot
Royal pequin,Hot
Santa Fe Grande,Hot
Sedona Sun,Hot
Spicy Mamba,Hot
Sugar Rush Peach,Hot
Thai Dragon,Hot
Trinidad Perfume,Hot
Wiri Wiri,Hot
Yatzy,Hot
Yucatan White,Hot
Amnesia,Both
Black Fire,Both
Black Ice,Both
Devil's Breath,Both
Dragon's Breath,Both
Elephant Ears,Both
Firecracker,Both
Ghost,Both
Green Dragon,Both
Honey Badger,Both
Lemon Drop,Both
Mad Hatter,Both
Medusa,Both
Tangerine Dream,Both
White Fire,Both
3 Kings,Pot
Acapulco Gold,Pot
Baby Diablo,Pot
Banana Ghost,Pot
Black Mamba,Pot
Bruce Banner,Pot
Californian Orange,Pot
chimera,Pot
Critical Mass,Pot
Crystal,Pot
Dante's Inferno,Pot
Death Star,Pot
Devil Driver,Pot
Don Mega,Pot
Dragonfire,Pot
Durban Poison,Pot
Fire breath,Pot
Firewalker,Pot
Gelato,Pot
Ghost Train,Pot
Golden Pineapple,Pot
Granddaddy Purple,Pot
holy moly,Pot
Horchata,Pot
Italian Ice,Pot
Kali Mist,Pot
King Louis,Pot
Lamb's Breath,Pot
Lemon Cane,Pot
Lemon Jack,Pot
little dragon,Pot
mandarin sunset,Pot
Mexican Red,Pot
Panama Red,Pot
Pink Acai,Pot
Purple Alien,Pot
Purple Fire,Pot
Purple Trainwreck,Pot
Red Dragon,Pot
Red Pop,Pot
royal phoenix,Pot
sedona sunrise,Pot
spicy badger,Pot
Thai Stick,Pot
Thai Sunset,Pot
Trinity,Pot
Vortex,Pot
Wedding Cake,Pot
White Buffalo,Pot
White Rhino,Pot
White Widow,Pot
Yuzu Viper,Pot